Date,Original,Renewal
2005-01,9,2
2005-02,17,14
2005-03,99,18
2005-04,83,23
2005-05,61,85
2005-06,53,92
2005-07,47,74
2005-08,57,78
2005-09,60,91
2005-10,58,109
2005-11,72,63
2005-12,45,126
2006-01,62,106
2006-02,60,139
2006-03,95,115
2006-04,80,117
2006-05,77,114
2006-06,65,125
2006-07,66,122
2006-08,84,133
2006-09,78,152
2006-10,103,127
2006-11,90,141
2006-12,80,171
2007-01,104,162
2007-02,81,182
2007-03,99,193
2007-04,119,203
2007-05,106,193
2007-06,94,195
2007-07,99,229
2007-08,131,207
2007-09,133,240
2007-10,127,235
2007-11,138,198
2007-12,134,266
2008-01,139,218
2008-02,131,288
2008-03,156,261
2008-04,142,286
2008-05,162,356
2008-06,194,363
2008-07,179,295
2008-08,180,382
2008-09,174,432
2008-10,195,406
2008-11,202,815
2008-12,268,1988
2009-01,232,2463
2009-02,291,2963
2009-03,359,2787
2009-04,368,2523
2009-05,346,3527
2009-06,424,2932
2009-07,435,2981
2009-08,387,3049
2009-09,378,2933
2009-10,335,3039
2009-11,348,3990
2009-12,369,1760
2010-01,145,2599
2010-02,226,3319
2010-03,314,2870
2010-04,345,2823
2010-05,280,3180
2010-06,324,3152
2010-07,278,3241
2010-08,298,3008
2010-09,277,2921
2010-10,283,2984
2010-11,256,3294
2010-12,264,3030
2011-01,212,2841
2011-02,250,3663
2011-03,370,3189
2011-04,286,3115
2011-05,380,5515
2011-06,403,1428
2011-07,154,2639
2011-08,230,2542
2011-09,190,2715
2011-10,189,2761
2011-11,167,2856
2011-12,193,2781
2012-01,183,2782
2012-02,156,3027
2012-03,208,2666
2012-04,191,2886
2012-05,224,2913
2012-06,196,3023
2012-07,193,3053
2012-08,218,2700
2012-09,152,3153
2012-10,204,2882
2012-11,168,2830
2012-12,156,2953
2013-01,135,2689
2013-02,153,2894
2013-03,190,2846
2013-04,188,3168
2013-05,196,2653
2013-06,205,2982
2013-07,220,2951
2013-08,184,2704
2013-09,178,3002
2013-10,173,2629
2013-11,158,2815
2013-12,167,2855
2014-01,177,2579
2014-02,173,2783
2014-03,203,2661
2014-04,204,2702
2014-05,171,2720
2014-06,201,2874
2014-07,180,2721
2014-08,158,2801
2014-09,162,2918
2014-10,175,2652
2014-11,146,2798
2014-12,171,2848
2015-01,169,2576
2015-02,158,2874
2015-03,208,2514
2015-04,174,2663
2015-05,173,3154
2015-06,196,2545
2015-07,189,2668
2015-08,175,2669
2015-09,190,2803
2015-10,213,2613
2015-11,158,2675
2015-12,157,2572
2016-01,132,2594
2016-02,145,2654
2016-03,209,2459
2016-04,185,2490
2016-05,198,2730
2016-06,208,2481
2016-07,166,2855
2016-08,222,2632
2016-09,201,2722
2016-10,219,2736
2016-11,178,2546
2016-12,187,2534
2017-01,201,2666
2017-02,192,2731
2017-03,293,2213
2017-04,252,2567
2017-05,244,2561
2017-06,252,2357
2017-07,238,2781
2017-08,262,2495
2017-09,209,2733
2017-10,203,2633
2017-11,179,2491
2017-12,202,2642
2018-01,236,2251
2018-02,196,2655
2018-03,247,2517
2018-04,201,2455
2018-05,239,2403
2018-06,209,2574
2018-07,229,2749
2018-08,227,2322
2018-09,207,2933
2018-10,219,2609
2018-11,207,2438
2018-12,183,2624
2019-01,224,2400
2019-02,233,2586
2019-03,239,2532
2019-04,249,2547
2019-05,215,2304
2019-06,233,2646
2019-07,228,2643
2019-08,231,2497
2019-09,223,2844
2019-10,212,2521
2019-11,214,2655
2019-12,190,2627
2020-01,198,2306
2020-02,203,2442
2020-03,181,1780
2020-04,51,2524
2020-05,95,2706
2020-06,157,2493
2020-07,137,2668
2020-08,148,2687
2020-09,147,2759
2020-10,132,2397
2020-11,153,2733
2020-12,159,2373
2021-01,144,2301
2021-02,145,2641
2021-03,198,2440
2021-04,223,2334
2021-05,201,2641
2021-06,218,2464
2021-07,189,2722
2021-08,191,2578
2021-09,176,2769
2021-10,168,2781
2021-11,191,2536
2021-12,168,2547
2022-01,191,2335
2022-02,180,2591
2022-03,282,2380
2022-04,236,2363
2022-05,250,2400
2022-06,210,2375
2022-07,214,2953
2022-08,258,2690
2022-09,261,2718
2022-10,272,2666
2022-11,285,2599
2022-12,241,2551
2023-01,316,2366
2023-02,302,2739
2023-03,387,2335
2023-04,309,2544
2023-05,434,2509
2023-06,379,2432
2023-07,346,2883
2023-08,441,2530
2023-09,401,2880
2023-10,410,2646
2023-11,393,2534
2023-12,410,2710
2024-01,432,2418
2024-02,407,2481
2024-03,462,2586
2024-04,461,2523
2024-05,431,2322
2024-06,397,2784
2024-07,404,2854
2024-08,413,2619
2024-09,411,2950
2024-10,433,2635
2024-11,406,2665
2024-12,377,3278
2025-01,486,2330
2025-02,516,2408
2025-03,442,2458
2025-04,419,2421
2025-05,353,2606
2025-06,334,2838
2025-07,300,2553
2025-08,298,2719
2025-09,336,2814
2025-10,301,2378
2025-11,274,244
2025-12,22,